date,snapshots_count,max_active_outages_estimate,avg_active_outages_estimate,max_customers_affected,avg_customers_affected,max_municipalities_affected,max_major_outages,new_outages_detected,raw_rows_count,unique_outages_observed,unknown_cause_rows,municipalities_observed
2026-03-30,9,107,46.67,9032,2867.44,56,3,214,420,214,125,122
2026-03-31,16,83,28.75,17597,3938.0,65,4,244,460,246,149,140
2026-04-01,16,100,37.38,5441,2506.13,64,1,223,598,227,156,142
2026-04-02,17,132,34.0,11005,3108.06,76,1,275,578,278,211,144
2026-04-03,18,44,29.0,9237,2860.33,39,2,157,522,166,400,112
2026-04-04,21,41,23.9,7196,1512.95,34,4,110,502,131,342,92
2026-04-05,19,118,87.79,22340,11597.63,88,9,343,1668,346,1353,172
2026-04-06,17,75,31.0,4517,1415.12,36,2,152,527,181,342,87
2026-04-07,15,121,37.27,4854,1738.87,85,2,229,559,234,130,149
2026-04-08,15,112,33.93,5992,1752.8,79,1,206,509,210,127,143
2026-04-09,14,115,39.21,16465,6098.0,80,7,263,549,268,170,172
2026-04-10,17,57,25.41,6880,2253.65,37,1,185,432,199,212,123
2026-04-11,20,25,13.2,5701,2014.15,18,2,86,264,91,137,62
2026-04-12,19,26,15.0,9247,2503.63,22,5,98,285,102,151,66
2026-04-13,13,108,33.77,15890,4251.46,43,7,272,439,274,280,119
2026-04-14,13,99,39.0,8854,4677.92,76,2,178,507,184,155,129
2026-04-15,14,99,45.14,8754,6407.64,74,2,141,632,193,152,127
2026-04-16,14,80,23.43,4162,1922.43,62,2,172,328,177,122,120
2026-04-17,17,66,29.94,7767,2636.24,48,2,176,509,183,196,122
2026-04-18,18,83,33.56,14057,4009.56,58,4,224,604,231,478,126
2026-04-19,19,73,43.84,9832,4460.05,57,3,183,833,218,497,130
2026-04-20,12,94,31.42,5952,2407.83,70,1,188,377,198,93,136
2026-04-21,13,118,41.38,15531,4534.08,77,6,226,538,229,99,135
2026-04-22,13,107,35.23,7428,2503.92,83,1,181,458,185,114,129
2026-04-23,13,90,31.38,4116,1653.15,68,1,175,408,178,137,121
2026-04-24,15,53,23.67,5122,2411.47,40,1,148,355,156,145,112
2026-04-25,18,25,12.89,6246,2553.83,18,3,83,232,84,96,56
2026-04-26,18,19,8.44,3858,710.11,18,1,58,152,61,96,50
2026-04-27,11,92,45.36,13994,4526.91,61,5,230,499,231,161,131
2026-04-28,10,139,58.3,18306,7063.5,109,6,273,583,284,298,186
2026-04-29,11,111,37.27,5670,2238.64,91,1,202,410,219,140,151
2026-04-30,12,81,27.42,3553,1514.17,61,1,186,329,188,170,125
2026-05-01,15,44,20.73,6370,2334.47,33,2,130,311,136,156,95
2026-05-02,17,26,13.71,2493,915.29,17,1,75,233,79,132,58
2026-05-03,16,25,10.44,3530,569.19,17,1,62,167,65,114,43
2026-05-04,11,59,25.0,4736,1696.64,42,1,141,275,144,78,99
2026-05-05,9,115,56.44,51340,13964.67,80,19,285,508,291,313,169
2026-05-06,10,78,45.4,11229,4033.9,61,2,208,454,237,247,159
2026-05-07,10,103,45.9,12572,4256.1,84,4,241,459,255,143,161
2026-05-08,12,52,22.67,9057,2504.75,40,2,125,272,133,99,93
2026-05-09,17,22,15.12,3619,801.41,20,1,89,257,91,145,70
2026-05-10,16,37,18.25,3512,1297.19,16,2,103,292,112,170,67
2026-05-11,9,77,33.22,9385,2893.0,56,1,175,299,179,82,123
2026-05-12,9,115,38.78,6391,2217.33,85,1,202,349,209,83,142
2026-05-13,9,90,34.44,6731,3240.89,55,3,174,310,185,98,107
2026-05-14,9,76,31.56,4499,2503.11,63,2,178,284,183,146,132
2026-05-15,11,37,23.45,4299,1937.18,31,1,119,258,133,154,100
2026-05-16,16,26,14.75,10210,2048.88,22,2,105,236,111,198,83
2026-05-17,14,22,15.29,17971,3451.93,21,8,86,214,99,128,77
2026-05-18,8,21,17.38,3296,1821.75,20,2,73,139,79,97,60
2026-05-19,8,77,30.13,8924,3842.38,63,1,157,241,167,106,122
2026-05-20,8,121,65.88,16950,7912.25,101,6,337,527,350,323,222
2026-05-21,8,118,44.0,15306,4277.13,89,4,212,352,235,109,156
2026-05-22,8,36,20.75,5034,1938.38,32,2,105,166,110,94,90
2026-05-23,14,21,12.14,4963,1470.07,21,2,82,170,95,128,69
2026-05-24,13,40,23.92,5455,2463.85,36,2,134,311,135,231,100
2026-05-25,8,60,35.0,6151,4041.63,54,3,161,280,166,142,118
2026-05-26,7,215,83.0,30061,11249.0,144,11,389,581,405,432,240
2026-05-27,7,166,91.43,14735,6483.57,121,1,227,640,339,410,218
2026-05-28,7,86,34.57,2527,1686.86,72,1,179,242,183,99,134
2026-05-29,7,300,70.86,47229,9856.43,120,13,418,496,422,426,175
2026-05-30,12,591,505.83,75756,47037.0,243,24,959,6070,1209,5603,359
2026-05-31,11,262,203.73,29312,14121.09,95,11,410,2241,624,1893,190
2026-06-01,5,114,87.0,9678,5757.0,71,2,196,435,251,306,138
2026-06-02,7,112,54.0,6548,3917.14,90,2,211,378,268,175,182
2026-06-03,6,96,42.5,7416,2897.33,75,2,202,255,208,124,149
2026-06-04,7,104,61.86,9351,4469.57,75,2,291,433,302,228,179
2026-06-05,9,65,28.78,10896,3288.78,46,4,151,259,196,166,133
2026-06-06,10,76,49.2,9391,4332.7,60,3,234,492,239,418,141
2026-06-07,10,128,92.3,11074,6434.0,106,3,383,923,428,765,269
2026-06-08,6,90,44.83,3742,2040.67,66,1,193,269,214,151,155
2026-06-09,8,93,41.38,7320,4076.5,69,2,202,331,216,155,155
2026-06-10,8,111,42.13,9422,6244.63,61,3,257,337,266,193,167
2026-06-11,7,96,54.43,5487,3308.14,80,1,240,381,256,217,174
2026-06-12,7,62,31.86,12728,4426.57,55,5,155,223,163,177,130
2026-06-13,9,55,37.78,12168,4401.22,42,4,174,340,193,291,126
2026-06-14,10,83,65.7,20357,8004.7,51,6,241,657,270,561,148
2026-06-15,5,76,39.8,5913,3507.2,61,2,154,199,163,118,120
2026-06-16,6,85,39.5,3917,1779.33,63,0,173,237,189,128,145
2026-06-17,7,119,70.57,23582,9056.14,79,8,327,494,328,346,193
2026-06-18,6,179,114.67,21464,13777.83,129,6,488,688,519,555,295
2026-06-19,8,157,103.88,18470,9195.0,113,3,351,831,442,659,252
2026-06-20,10,77,42.6,28458,5308.2,56,6,195,426,248,318,174
2026-06-21,8,70,58.0,22305,8415.88,48,8,219,464,247,377,133
2026-06-22,6,93,55.5,5829,2966.5,61,1,239,333,270,251,149
2026-06-23,9,107,44.22,24113,7853.22,84,8,231,398,254,202,172
2026-06-24,8,37,25.38,11167,1936.25,34,4,115,203,130,163,102
2026-06-25,9,114,40.33,8229,3518.11,84,2,238,363,246,176,171
2026-06-26,8,53,37.75,5959,2649.25,46,2,182,302,196,228,141
2026-06-27,12,49,22.75,5067,1546.58,40,1,142,273,164,233,126
2026-06-28,9,40,29.44,4689,2663.0,36,2,124,265,142,220,108
2026-06-29,8,96,56.25,17153,6561.25,76,6,269,450,295,258,187
2026-06-30,9,126,50.0,10603,4423.67,101,4,263,450,286,211,187
2026-07-01,8,209,84.13,18714,8399.5,99,6,369,673,381,587,184
2026-07-02,9,263,167.33,78477,17066.44,130,31,634,1506,774,1195,317
2026-07-03,9,462,312.33,109063,43059.56,189,41,734,2811,923,2426,307
2026-07-04,18,111,60.56,6074,4145.06,85,2,247,1090,336,819,215
2026-07-05,7,48,33.57,7172,2879.43,40,2,92,235,113,174,80
