outage_id,customers_affected,start_time,estimated_restore,status_code,cause_code,municipality_id,captured_at,lon,lat,cause_label
"2026-03-10 08:40:14_[-73.36121511938671, 45.53919939315826]",7,2026-03-10 08:40:14,2026-03-10 13:15:00,L,6.0,6210,2026-03-10 16:25:04,-73.36121511938671,45.53919939315826,other
"2026-03-10 08:41:33_[-73.36155167722964, 45.53896821396563]",7,2026-03-10 08:41:33,2026-03-10 13:15:00,L,6.0,6210,2026-03-10 16:25:04,-73.36155167722964,45.53896821396563,other
"2026-03-10 08:50:40_[-72.4913568717982, 45.969255300594384]",3,2026-03-10 08:50:40,2026-03-10 15:00:00,L,6.0,7212,2026-03-10 16:25:04,-72.4913568717982,45.969255300594384,other
"2026-03-10 08:51:06_[-72.50251546738511, 45.97531666460227]",3,2026-03-10 08:51:06,2026-03-10 15:00:00,L,6.0,7212,2026-03-10 16:25:04,-72.50251546738511,45.97531666460227,other
"2026-03-10 08:54:05_[-71.17424023865621, 46.78880903930412]",516,2026-03-10 08:54:05,2026-03-10 12:30:00,L,6.0,4386,2026-03-10 16:25:04,-71.17424023865621,46.78880903930412,other
"2026-03-10 09:37:20_[-69.55639519775936, 47.626566725896566]",2,2026-03-10 09:37:20,,L,,5895,2026-03-10 16:25:04,-69.55639519775936,47.626566725896566,unknown
"2026-03-10 03:56:01_[-74.1259160422799, 45.891251713300335]",5,2026-03-10 03:56:01,,L,,5221,2026-03-10 16:25:04,-74.1259160422799,45.891251713300335,unknown
"2026-03-10 11:24:10_[-72.76690562335598, 45.20029103839882]",187,2026-03-10 11:24:10,2026-03-10 13:30:00,R,,1982,2026-03-10 16:25:04,-72.76690562335598,45.20029103839882,unknown
"2026-03-10 11:13:25_[-74.12315060562442, 45.26704307866255]",47,2026-03-10 11:13:25,2026-03-10 13:30:00,R,,5707,2026-03-10 16:25:04,-74.12315060562442,45.26704307866255,unknown
"2026-03-10 09:01:45_[-74.01987331939027, 45.38943301038014]",89,2026-03-10 09:01:45,,L,,9344,2026-03-10 16:25:04,-74.01987331939027,45.38943301038014,unknown
"2026-03-10 10:31:46_[-71.37479130448226, 46.80347282991024]",9,2026-03-10 10:31:46,2026-03-10 13:00:00,R,,1071,2026-03-10 16:25:04,-71.37479130448226,46.80347282991024,unknown
"2026-03-10 09:06:06_[-75.41650891064019, 45.59008736936708]",26,2026-03-10 09:06:06,2026-03-10 13:15:00,L,6.0,1562,2026-03-10 16:25:04,-75.41650891064019,45.59008736936708,other
"2026-03-10 11:42:23_[-73.67309560036885, 45.54333266852656]",32,2026-03-10 11:42:23,2026-03-10 13:45:00,N,,1000,2026-03-10 16:25:04,-73.67309560036885,45.54333266852656,unknown
"2026-03-10 09:13:42_[-71.17388138390596, 46.79013511552066]",45,2026-03-10 09:13:42,2026-03-10 12:45:00,L,6.0,4386,2026-03-10 16:25:04,-71.17388138390596,46.79013511552066,other
"2026-03-10 07:36:09_[-72.64726956381934, 46.12429333982825]",32,2026-03-10 07:36:09,2026-03-10 13:45:00,L,,6012,2026-03-10 16:25:04,-72.64726956381934,46.12429333982825,unknown
"2026-03-10 08:21:16_[-73.62654714127801, 45.597042269066016]",27,2026-03-10 08:21:16,2026-03-10 16:00:00,L,6.0,111,2026-03-10 16:25:04,-73.62654714127801,45.597042269066016,other
"2026-03-10 11:42:23_[-73.67356508923277, 45.54560271206118]",45,2026-03-10 11:42:23,2026-03-10 13:30:00,N,,1000,2026-03-10 16:25:04,-73.67356508923277,45.54560271206118,unknown
"2026-03-10 12:00:45_[-73.89325785553221, 45.540982817045816]",47,2026-03-10 12:00:45,,N,,1877,2026-03-10 16:25:04,-73.89325785553221,45.540982817045816,unknown
"2026-03-10 11:33:14_[-68.48232170062042, 48.2805874268838]",82,2026-03-10 11:33:14,2026-03-10 13:30:00,L,5.0,7695,2026-03-10 16:25:04,-68.48232170062042,48.2805874268838,other
"2026-03-10 08:39:59_[-72.70857702793006, 45.15687687169724]",13,2026-03-10 08:39:59,2026-03-10 13:45:00,L,6.0,2156,2026-03-10 16:25:04,-72.70857702793006,45.15687687169724,other
"2026-03-10 08:41:33_[-73.3620874342369, 45.53859627357738]",5,2026-03-10 08:41:33,2026-03-10 13:15:00,L,6.0,6210,2026-03-10 16:25:04,-73.3620874342369,45.53859627357738,other
"2026-03-10 08:55:39_[-73.56522582868644, 45.491033980591055]",40,2026-03-10 08:55:39,2026-03-10 14:45:00,L,6.0,1000,2026-03-10 17:13:38,-73.56522582868644,45.491033980591055,other
"2026-03-09 14:35:55_[-73.55907337222786, 46.31127236997911]",29,2026-03-09 14:35:55,,R,5.0,6426,2026-03-10 17:13:38,-73.55907337222786,46.31127236997911,other
"2026-03-10 11:24:10_[-72.76638152326429, 45.200337531934885]",34,2026-03-10 11:24:10,2026-03-10 13:30:00,R,,1982,2026-03-10 17:13:38,-72.76638152326429,45.200337531934885,unknown
"2026-03-10 12:22:34_[-73.17614483291545, 45.781878006526775]",23,2026-03-10 12:22:34,2026-03-10 14:30:00,R,,6045,2026-03-10 17:13:38,-73.17614483291545,45.781878006526775,unknown
"2026-03-10 09:04:32_[-73.47238296477771, 46.037611510108796]",2,2026-03-10 09:04:32,,L,6.0,6291,2026-03-10 17:13:38,-73.47238296477771,46.0376115101088,other
"2026-03-10 09:29:22_[-72.75251497536546, 45.187245768680015]",2,2026-03-10 09:29:22,2026-03-10 13:30:00,L,6.0,1982,2026-03-10 17:13:38,-72.75251497536546,45.187245768680015,other
"2026-03-10 09:04:54_[-74.01813372054572, 45.813902611936676]",44,2026-03-10 09:04:54,2026-03-10 15:15:00,L,6.0,4152,2026-03-10 17:13:38,-74.01813372054572,45.81390261193668,other
"2026-03-10 09:01:04_[-76.27693490011488, 46.071368984790865]",4,2026-03-10 09:01:04,2026-03-10 13:15:00,R,,2108,2026-03-10 17:13:38,-76.27693490011488,46.07136898479087,unknown
"2026-03-10 09:29:32_[-71.24941161088579, 46.88157165991568]",10,2026-03-10 09:29:32,,L,6.0,1769,2026-03-10 17:13:38,-71.24941161088579,46.88157165991568,other
"2026-03-10 09:07:59_[-71.52836341968947, 46.86931383993102]",1,2026-03-10 09:07:59,,L,,5727,2026-03-10 17:13:38,-71.52836341968947,46.86931383993102,unknown
"2026-03-10 09:09:22_[-73.39000962775306, 46.40652720745307]",9,2026-03-10 09:09:22,,L,,6315,2026-03-10 17:13:38,-73.39000962775306,46.40652720745307,unknown
"2026-03-10 11:51:15_[-71.32057419568662, 46.77197462374462]",34,2026-03-10 11:51:15,2026-03-10 15:00:00,L,6.0,5701,2026-03-10 17:13:38,-71.32057419568662,46.77197462374462,other
"2026-03-10 09:22:57_[-72.552546057169, 45.433174319448085]",69,2026-03-10 09:22:57,,L,6.0,7215,2026-03-10 17:13:38,-72.552546057169,45.433174319448085,other
"2026-03-10 09:21:07_[-72.44797814232444, 46.76661404036572]",18,2026-03-10 09:21:07,,L,6.0,5847,2026-03-10 17:13:38,-72.44797814232444,46.76661404036572,other
"2026-03-10 11:42:23_[-73.67464783439367, 45.5435930312353]",3,2026-03-10 11:42:23,2026-03-10 13:30:00,N,,1000,2026-03-10 17:13:38,-73.67464783439367,45.5435930312353,unknown
"2026-03-10 09:34:34_[-72.49804962000253, 45.144106205904265]",1,2026-03-10 09:34:34,,L,6.0,9106,2026-03-10 17:13:38,-72.49804962000253,45.144106205904265,other
"2026-03-10 09:36:38_[-73.90102386682474, 45.54990274979124]",12,2026-03-10 09:36:38,2026-03-10 14:45:00,L,6.0,1877,2026-03-10 17:13:38,-73.90102386682474,45.54990274979124,other
"2026-03-10 09:43:05_[-73.69817341633883, 45.57050398916927]",361,2026-03-10 09:43:05,2026-03-10 13:45:00,L,6.0,4266,2026-03-10 17:13:38,-73.69817341633883,45.57050398916927,other
"2026-03-10 09:42:30_[-73.6974002809976, 45.56804008913426]",11,2026-03-10 09:42:30,2026-03-10 13:45:00,N,,4266,2026-03-10 17:13:38,-73.6974002809976,45.56804008913426,unknown
"2026-03-10 08:27:40_[-73.53044812471421, 46.233423385007434]",14,2026-03-10 08:27:40,,N,,7173,2026-03-10 17:13:38,-73.53044812471421,46.23342338500744,unknown
"2026-03-10 12:52:30_[-61.83969658429701, 47.232186261132526]",2,2026-03-10 12:52:30,2026-03-10 15:00:00,L,6.0,2669,2026-03-10 17:13:38,-61.83969658429701,47.232186261132526,other
"2026-03-10 11:35:12_[-73.4754263779133, 45.19404198404036]",31,2026-03-10 11:35:12,2026-03-10 13:45:00,L,,7788,2026-03-10 17:13:38,-73.4754263779133,45.19404198404036,unknown
"2026-03-10 08:40:11_[-73.63928687716331, 46.187620878269584]",133,2026-03-10 08:40:11,2026-03-10 14:15:00,L,6.0,8527,2026-03-10 17:13:38,-73.63928687716331,46.187620878269584,other
"2026-03-10 12:55:18_[-75.08660975380124, 45.901205761460666]",7,2026-03-10 12:55:18,,L,6.0,4086,2026-03-10 17:13:38,-75.08660975380124,45.901205761460666,other
"2026-03-10 08:45:00_[-74.16950318815051, 45.50128236358631]",57,2026-03-10 08:45:00,2026-03-10 14:30:00,L,6.0,7938,2026-03-10 18:02:36,-74.16950318815051,45.50128236358631,other
"2026-03-10 08:45:54_[-68.26648103455545, 49.196818277367626]",17,2026-03-10 08:45:54,2026-03-10 14:00:00,L,6.0,1212,2026-03-10 18:02:36,-68.26648103455545,49.196818277367626,other
"2026-03-10 13:32:32_[-74.1067078113796, 45.4676908500321]",4,2026-03-10 13:32:32,,N,,1195,2026-03-10 18:02:36,-74.1067078113796,45.4676908500321,unknown
"2026-03-10 07:38:15_[-73.5948035363456, 45.597178924472885]",176,2026-03-10 07:38:15,2026-03-10 15:15:00,L,6.0,283,2026-03-10 18:02:36,-73.5948035363456,45.597178924472885,other
"2026-03-10 07:35:42_[-73.5966704898364, 45.59799152220956]",262,2026-03-10 07:35:42,2026-03-10 15:15:00,L,6.0,283,2026-03-10 18:02:36,-73.5966704898364,45.59799152220956,other
"2026-03-10 07:38:44_[-73.5234130316187, 45.6037904203788]",20,2026-03-10 07:38:44,2026-03-10 15:15:00,L,6.0,1000,2026-03-10 18:02:36,-73.5234130316187,45.6037904203788,other
"2026-03-09 14:35:55_[-73.56173519630661, 46.31493731684903]",1,2026-03-09 14:35:55,,L,5.0,6426,2026-03-10 18:02:36,-73.56173519630661,46.31493731684903,other
"2026-03-10 08:52:52_[-73.49222517677484, 45.36784545653355]",144,2026-03-10 08:52:52,2026-03-10 15:45:00,L,6.0,7863,2026-03-10 18:02:36,-73.49222517677484,45.36784545653355,other
"2026-03-10 09:39:01_[-73.07519909578859, 45.78498322403073]",2,2026-03-10 09:39:01,2026-03-10 14:15:00,L,6.0,6183,2026-03-10 18:02:36,-73.07519909578859,45.78498322403073,other
"2026-03-10 13:43:46_[-75.71211071197328, 45.4295458537496]",7,2026-03-10 13:43:46,,N,,2642,2026-03-10 18:02:36,-75.71211071197328,45.4295458537496,unknown
"2026-03-10 13:33:27_[-73.6348563377694, 45.57063109971811]",33,2026-03-10 13:33:27,,L,,1000,2026-03-10 18:02:36,-73.6348563377694,45.57063109971811,unknown
"2026-03-10 09:01:26_[-74.1170258595907, 45.26543853746836]",11,2026-03-10 09:01:26,2026-03-10 15:15:00,L,6.0,5707,2026-03-10 18:02:36,-74.1170258595907,45.26543853746836,other
"2026-03-10 09:02:22_[-74.11671269847977, 45.26436819651895]",17,2026-03-10 09:02:22,2026-03-10 15:15:00,L,6.0,5707,2026-03-10 18:02:36,-74.11671269847977,45.26436819651895,other
"2026-03-10 09:28:06_[-76.49294044614349, 45.60345390706539]",8,2026-03-10 09:28:06,2026-03-10 14:30:00,L,6.0,5739,2026-03-10 18:02:36,-76.49294044614349,45.60345390706539,other
"2026-03-10 07:52:45_[-73.54149960411465, 45.55374494716505]",109,2026-03-10 07:52:45,2026-03-10 14:30:00,L,6.0,1000,2026-03-10 18:02:36,-73.54149960411465,45.55374494716505,other
"2026-03-10 13:32:03_[-72.552546057169, 45.433174319448085]",69,2026-03-10 13:32:03,,L,,7215,2026-03-10 18:02:36,-72.552546057169,45.433174319448085,unknown
"2026-03-10 09:02:44_[-73.57609850160958, 45.55781182265396]",70,2026-03-10 09:02:44,,L,6.0,1000,2026-03-10 18:02:36,-73.57609850160958,45.55781182265396,other
"2026-03-10 11:01:46_[-73.555150875582, 46.160430011698864]",1,2026-03-10 11:01:46,,N,,8899,2026-03-10 18:02:36,-73.555150875582,46.160430011698864,unknown
"2026-03-10 09:06:26_[-73.76807149156623, 45.54145946381959]",63,2026-03-10 09:06:26,2026-03-10 15:15:00,L,6.0,1856,2026-03-10 18:02:36,-73.76807149156623,45.54145946381959,other
"2026-03-10 13:44:26_[-75.08151008436054, 45.899524148947485]",2,2026-03-10 13:44:26,,L,6.0,4086,2026-03-10 18:02:36,-75.08151008436054,45.899524148947485,other
"2026-03-10 09:07:23_[-73.6436672484826, 45.47427327530029]",38,2026-03-10 09:07:23,2026-03-10 16:15:00,R,6.0,1000,2026-03-10 18:02:36,-73.6436672484826,45.47427327530029,other
"2026-03-10 09:07:19_[-73.22616416308406, 45.9546339672446]",5,2026-03-10 09:07:19,,L,6.0,7281,2026-03-10 18:02:36,-73.22616416308406,45.9546339672446,other
"2026-03-10 13:36:51_[-71.15812439827677, 46.87678775643927]",19,2026-03-10 13:36:51,,L,1.0,1302,2026-03-10 18:02:36,-71.15812439827677,46.87678775643927,equipment
"2026-03-10 13:17:51_[-74.39748122663227, 49.888604131862714]",3,2026-03-10 13:17:51,2026-03-10 14:30:00,L,6.0,1844,2026-03-10 18:02:36,-74.39748122663227,49.88860413186272,other
"2026-03-10 08:04:23_[-71.28489340462205, 46.87002066632349]",107,2026-03-10 08:04:23,2026-03-10 14:45:00,L,6.0,1769,2026-03-10 18:02:36,-71.28489340462205,46.87002066632349,other
"2026-03-10 09:13:55_[-73.78493014152973, 45.677981782499295]",49,2026-03-10 09:13:55,2026-03-10 15:45:00,L,6.0,4428,2026-03-10 18:02:36,-73.78493014152973,45.677981782499295,other
"2026-03-10 08:07:53_[-74.21232938869903, 45.96086472361078]",228,2026-03-10 08:07:53,2026-03-10 14:15:00,L,6.0,8395,2026-03-10 18:02:36,-74.21232938869903,45.96086472361078,other
"2026-03-10 10:19:07_[-76.49234363565235, 45.60330934553449]",3,2026-03-10 10:19:07,,L,,5739,2026-03-10 18:02:36,-76.49234363565235,45.60330934553449,unknown
"2026-03-10 11:42:56_[-73.88881098230765, 45.53946348540825]",18,2026-03-10 11:42:56,,R,,1877,2026-03-10 18:02:36,-73.88881098230765,45.53946348540825,unknown
"2026-03-10 13:21:24_[-71.561469320062, 45.05661119162615]",4,2026-03-10 13:21:24,2026-03-10 15:15:00,L,5.0,2612,2026-03-10 18:02:36,-71.561469320062,45.05661119162615,other
"2026-03-10 09:29:34_[-73.1484134351027, 45.124370933753866]",9,2026-03-10 09:29:34,,L,6.0,8068,2026-03-10 18:02:36,-73.1484134351027,45.124370933753866,other
"2026-03-10 08:29:56_[-72.55304185806779, 46.3575028606563]",19,2026-03-10 08:29:56,2026-03-10 16:30:00,L,6.0,9233,2026-03-10 18:02:36,-72.55304185806779,46.3575028606563,other
"2026-03-10 09:42:36_[-72.60018456167704, 45.115476024096274]",45,2026-03-10 09:42:36,2026-03-10 15:45:00,L,6.0,9103,2026-03-10 18:02:36,-72.60018456167704,45.115476024096274,other
"2026-03-10 09:51:04_[-73.14860695284274, 45.12342645105782]",5,2026-03-10 09:51:04,,L,6.0,8068,2026-03-10 18:02:36,-73.14860695284274,45.12342645105782,other
"2026-03-10 10:00:06_[-73.85801005639242, 45.51092440147496]",1,2026-03-10 10:00:06,,R,,291,2026-03-10 18:02:36,-73.85801005639242,45.51092440147496,unknown
"2026-03-10 13:01:47_[-73.67989776239253, 45.53889482344436]",50,2026-03-10 13:01:47,2026-03-10 15:15:00,L,6.0,1000,2026-03-10 18:02:36,-73.67989776239253,45.53889482344436,other
"2026-03-10 10:27:03_[-71.09928177409196, 45.81006303977604]",8,2026-03-10 10:27:03,2026-03-10 15:15:00,L,6.0,8041,2026-03-10 19:08:47,-71.09928177409196,45.81006303977604,other
"2026-03-10 08:54:05_[-71.17503243970427, 46.79096696129279]",25,2026-03-10 08:54:05,,R,,4386,2026-03-10 19:08:47,-71.17503243970427,46.79096696129279,unknown
"2026-03-10 08:03:24_[-73.64041728905954, 45.46729195732198]",35,2026-03-10 08:03:24,2026-03-10 15:45:00,L,6.0,1000,2026-03-10 19:08:47,-73.64041728905954,45.46729195732198,other
"2026-03-10 08:03:43_[-73.64123180258096, 45.467608377607334]",23,2026-03-10 08:03:43,2026-03-10 15:45:00,L,6.0,1000,2026-03-10 19:08:47,-73.64123180258096,45.46760837760733,other
"2026-03-10 14:39:08_[-61.70967168089288, 47.52703753758316]",2,2026-03-10 14:39:08,,R,,2585,2026-03-10 19:08:47,-61.70967168089288,47.52703753758316,unknown
"2026-03-10 12:25:14_[-71.16100709498347, 46.45430757629335]",2,2026-03-10 12:25:14,2026-03-10 16:15:00,L,5.0,6165,2026-03-10 19:08:47,-71.16100709498347,46.45430757629335,other
"2026-03-10 08:59:17_[-74.11823376848666, 45.265759107924836]",7,2026-03-10 08:59:17,2026-03-10 15:15:00,L,6.0,5707,2026-03-10 19:08:47,-74.11823376848666,45.26575910792484,other
"2026-03-10 09:29:16_[-71.18834133093245, 46.8005980052921]",2,2026-03-10 09:29:16,,L,6.0,4386,2026-03-10 19:08:47,-71.18834133093245,46.8005980052921,other
"2026-03-10 07:49:22_[-73.63658522425193, 45.48344526925835]",26,2026-03-10 07:49:22,2026-03-10 15:30:00,L,6.0,1000,2026-03-10 19:08:47,-73.63658522425193,45.48344526925835,other
"2026-03-10 08:01:00_[-73.79840649481659, 45.53868092266457]",6,2026-03-10 08:01:00,2026-03-10 15:45:00,L,6.0,8641,2026-03-10 19:08:47,-73.79840649481659,45.53868092266457,other
"2026-03-10 08:01:42_[-73.79811528638652, 45.538449962931324]",59,2026-03-10 08:01:42,2026-03-10 15:45:00,L,6.0,8641,2026-03-10 19:08:47,-73.79811528638652,45.53844996293133,other
"2026-03-10 08:03:03_[-73.63996427291809, 45.467114708699015]",11,2026-03-10 08:03:03,2026-03-10 15:45:00,L,6.0,1000,2026-03-10 19:08:47,-73.63996427291809,45.467114708699015,other
"2026-03-10 09:01:31_[-73.79846595203814, 45.51892036281602]",13,2026-03-10 09:01:31,2026-03-10 22:00:00,L,6.0,8641,2026-03-10 19:08:47,-73.79846595203814,45.51892036281602,other
"2026-03-10 08:02:34_[-73.76536284628344, 45.45622978830011]",1,2026-03-10 08:02:34,2026-03-10 15:15:00,L,6.0,223,2026-03-10 19:08:47,-73.76536284628344,45.45622978830011,other
"2026-03-10 13:15:28_[-73.47238296477771, 46.037611510108796]",2,2026-03-10 13:15:28,2026-03-10 15:15:00,R,,6291,2026-03-10 19:08:47,-73.47238296477771,46.0376115101088,unknown
"2026-03-10 14:39:51_[-73.85837917738712, 45.545038264674616]",14,2026-03-10 14:39:51,,R,,4269,2026-03-10 19:08:47,-73.85837917738712,45.545038264674616,unknown
"2026-03-10 14:39:13_[-73.984246687245, 45.800220422026385]",1,2026-03-10 14:39:13,2026-03-10 16:30:00,L,6.0,4152,2026-03-10 19:08:47,-73.984246687245,45.80022042202639,other
"2026-03-10 13:25:14_[-68.53495191105948, 48.39504719395789]",2,2026-03-10 13:25:14,2026-03-10 15:30:00,L,6.0,8926,2026-03-10 19:08:47,-68.53495191105948,48.39504719395789,other
"2026-03-10 14:24:33_[-73.44127979651822, 46.12582386782589]",2,2026-03-10 14:24:33,2026-03-10 16:30:00,R,,6678,2026-03-10 19:08:47,-73.44127979651822,46.12582386782589,unknown
"2026-03-10 14:42:16_[-79.11897658854252, 48.80742557670778]",1,2026-03-10 14:42:16,,L,4.0,3963,2026-03-10 19:08:47,-79.11897658854252,48.80742557670778,other
"2026-03-10 08:30:20_[-73.68048527002553, 45.43396496310189]",33,2026-03-10 08:30:20,2026-03-10 16:15:00,L,6.0,105,2026-03-10 19:08:47,-73.68048527002553,45.43396496310189,other
"2026-03-10 13:48:07_[-75.62664295075798, 45.531909401704986]",3,2026-03-10 13:48:07,2026-03-10 17:00:00,L,6.0,2375,2026-03-10 19:08:47,-75.62664295075798,45.531909401704986,other
"2026-03-10 08:44:19_[-71.70711087640078, 48.507989018225224]",2,2026-03-10 08:44:19,2026-03-10 15:45:00,L,6.0,6834,2026-03-10 19:51:58,-71.70711087640078,48.50798901822522,other
"2026-03-10 08:45:41_[-71.70513951453317, 48.517074195832556]",3,2026-03-10 08:45:41,2026-03-10 16:00:00,L,6.0,6834,2026-03-10 19:51:58,-71.70513951453317,48.51707419583256,other
"2026-03-10 07:50:01_[-73.51062593122529, 45.51380499968577]",8,2026-03-10 07:50:01,,L,6.0,7335,2026-03-10 19:51:58,-73.51062593122529,45.51380499968577,other
"2026-03-10 07:50:19_[-73.51259450338867, 45.51450213733]",10,2026-03-10 07:50:19,,L,6.0,7335,2026-03-10 19:51:58,-73.51259450338867,45.51450213733,other
"2026-03-10 07:53:30_[-73.59863375075176, 45.57709199505043]",21,2026-03-10 07:53:30,2026-03-10 16:00:00,L,6.0,283,2026-03-10 19:51:58,-73.59863375075176,45.57709199505043,other
"2026-03-10 15:36:22_[-73.78860130227129, 45.65647338099205]",8,2026-03-10 15:36:22,,N,,5629,2026-03-10 19:51:58,-73.78860130227129,45.65647338099205,unknown
"2026-03-10 13:18:17_[-69.82910868670669, 47.12123874290813]",4,2026-03-10 13:18:17,2026-03-10 16:45:00,R,,8935,2026-03-10 19:51:58,-69.82910868670669,47.12123874290813,unknown
"2026-03-10 08:23:38_[-73.58130166820479, 45.51981423564474]",34,2026-03-10 08:23:38,,L,6.0,1000,2026-03-10 19:51:58,-73.58130166820479,45.51981423564474,other
"2026-03-10 06:06:57_[-73.54695146212075, 45.466070523261195]",52,2026-03-10 06:06:57,2026-03-10 16:15:00,L,,127,2026-03-10 19:51:58,-73.54695146212075,45.4660705232612,unknown
"2026-03-10 09:11:57_[-74.04205117966437, 45.77697424568702]",12,2026-03-10 09:11:57,2026-03-10 16:45:00,L,6.0,1353,2026-03-10 19:51:58,-74.04205117966437,45.77697424568702,other
"2026-03-10 09:24:11_[-71.30864166371582, 46.90009014414123]",5,2026-03-10 09:24:11,,L,6.0,1769,2026-03-10 19:51:58,-71.30864166371582,46.90009014414123,other
"2026-03-10 08:33:54_[-73.79927510354426, 45.51981994843496]",9,2026-03-10 08:33:54,2026-03-10 22:30:00,L,6.0,8641,2026-03-10 19:51:58,-73.79927510354426,45.51981994843496,other
"2026-03-10 08:34:04_[-73.79940687064594, 45.51937898572296]",9,2026-03-10 08:34:04,2026-03-10 22:30:00,L,6.0,8641,2026-03-10 19:51:58,-73.79940687064594,45.51937898572296,other
"2026-03-10 10:28:01_[-75.64719906240197, 45.49206459597501]",1,2026-03-10 10:28:01,,L,6.0,2375,2026-03-10 19:51:58,-75.64719906240197,45.49206459597501,other
"2026-03-10 09:03:12_[-72.68460211844558, 46.619519507809606]",13,2026-03-10 09:03:12,2026-03-10 17:45:00,L,6.0,2435,2026-03-10 19:51:58,-72.68460211844558,46.619519507809606,other
"2026-03-10 09:16:27_[-72.6851642887772, 46.61911025813604]",19,2026-03-10 09:16:27,2026-03-10 17:45:00,L,6.0,2435,2026-03-10 19:51:58,-72.6851642887772,46.61911025813604,other
"2026-03-10 12:51:47_[-71.9291272573659, 46.616791967844875]",12,2026-03-10 12:51:47,2026-03-10 17:15:00,R,,4440,2026-03-10 19:51:58,-71.9291272573659,46.61679196784488,unknown
"2026-03-10 14:39:08_[-61.70967434229973, 47.52703958729271]",2,2026-03-10 14:39:08,2026-03-10 16:45:00,L,,2585,2026-03-10 20:32:26,-61.70967434229973,47.52703958729271,unknown
"2026-03-10 15:06:58_[-71.11082679945402, 45.58782156598964]",5,2026-03-10 15:06:58,2026-03-10 17:00:00,R,,4650,2026-03-10 20:32:26,-71.11082679945402,45.58782156598964,unknown
"2026-03-10 14:40:41_[-71.26589418302409, 46.78545893731187]",58,2026-03-10 14:40:41,2026-03-10 16:45:00,R,,5701,2026-03-10 20:32:26,-71.26589418302409,46.78545893731187,unknown
"2026-03-10 08:30:20_[-73.68061602219375, 45.43347317188]",3,2026-03-10 08:30:20,,L,6.0,105,2026-03-10 20:32:26,-73.68061602219375,45.43347317188,other
"2026-03-10 11:41:27_[-74.1342384415987, 45.40026725473429]",38,2026-03-10 11:41:27,2026-03-10 17:30:00,R,,7368,2026-03-10 20:32:26,-74.1342384415987,45.40026725473429,unknown
"2026-03-10 13:30:19_[-70.4573703701054, 47.450823778247866]",6,2026-03-10 13:30:19,,L,1.0,1230,2026-03-10 20:32:26,-70.4573703701054,47.450823778247866,equipment
"2026-03-09 01:37:06_[-72.9292805332722, 46.02952831645945]",72,2026-03-09 01:37:06,2026-03-10 19:15:00,L,2.0,7668,2026-03-10 20:32:26,-72.9292805332722,46.02952831645945,equipment
"2026-03-10 15:43:35_[-73.75671540933966, 45.5427748050216]",20,2026-03-10 15:43:35,2026-03-10 17:45:00,N,,1856,2026-03-10 21:04:07,-73.75671540933966,45.5427748050216,unknown
"2026-03-10 16:34:52_[-71.36307393297325, 46.74497506201143]",10,2026-03-10 16:34:52,2026-03-10 18:30:00,N,,6687,2026-03-10 21:04:07,-71.36307393297325,46.74497506201143,unknown
"2026-03-09 01:37:06_[-72.93116101358422, 46.030736274240176]",53,2026-03-09 01:37:06,2026-03-10 19:15:00,L,2.0,7668,2026-03-10 21:04:07,-72.93116101358422,46.030736274240176,equipment
"2026-03-10 15:45:53_[-68.91612950865391, 47.81415965765704]",1,2026-03-10 15:45:53,,R,,7930,2026-03-10 21:57:53,-68.91612950865391,47.81415965765704,unknown
"2026-03-10 14:31:22_[-71.92941366607079, 45.143300451800634]",1,2026-03-10 14:31:22,2026-03-10 20:15:00,R,1.0,1254,2026-03-10 21:57:53,-71.92941366607079,45.14330045180064,equipment
"2026-03-10 14:57:45_[-70.8012578089505, 46.45730079242882]",4,2026-03-10 14:57:45,2026-03-10 18:30:00,R,,6513,2026-03-10 21:57:53,-70.8012578089505,46.45730079242882,unknown
"2026-03-10 07:42:38_[-73.42921347197682, 45.89192904727475]",158,2026-03-10 07:42:38,2026-03-10 20:15:00,A,4.0,3843,2026-03-10 21:57:53,-73.42921347197682,45.89192904727475,other
"2026-03-10 11:36:04_[-74.36729326557048, 46.02847086169191]",142,2026-03-10 11:36:04,2026-03-10 19:15:00,R,5.0,3708,2026-03-10 21:57:53,-74.36729326557048,46.02847086169191,other
"2026-03-10 14:43:56_[-72.26747264683222, 45.807280346305674]",17,2026-03-10 14:43:56,2026-03-10 19:15:00,L,5.0,7488,2026-03-10 21:57:53,-72.26747264683222,45.80728034630568,other
"2026-03-10 08:51:28_[-76.0291090886399, 45.63418333938966]",102,2026-03-10 08:51:28,2026-03-10 18:45:00,L,6.0,8575,2026-03-10 22:34:15,-76.0291090886399,45.63418333938966,other
"2026-03-10 17:17:11_[-71.13620499872823, 45.573372270369056]",7,2026-03-10 17:17:11,2026-03-10 19:15:00,L,3.0,4650,2026-03-10 22:34:15,-71.13620499872823,45.573372270369056,equipment
"2026-03-10 17:58:39_[-73.65233883980565, 45.652598529543454]",877,2026-03-10 17:58:39,2026-03-10 20:00:00,N,4.0,6717,2026-03-10 22:34:15,-73.65233883980565,45.652598529543454,other
"2026-03-10 07:42:38_[-73.43073123169215, 45.8920779189872]",66,2026-03-10 07:42:38,2026-03-10 20:15:00,A,4.0,3843,2026-03-10 22:34:15,-73.43073123169215,45.8920779189872,other
"2026-03-10 17:52:35_[-73.75133088979028, 45.67069680966413]",14,2026-03-10 17:52:35,2026-03-10 19:45:00,L,,1430,2026-03-10 22:34:15,-73.75133088979028,45.67069680966413,unknown
"2026-03-10 18:18:14_[-73.6066991493987, 45.51503128390584]",7,2026-03-10 18:18:14,2026-03-10 20:00:00,N,,117,2026-03-10 23:00:58,-73.6066991493987,45.51503128390584,unknown
"2026-03-10 17:13:31_[-73.48065735089145, 45.48864059799026]",25,2026-03-10 17:13:31,2026-03-10 19:15:00,A,,2483,2026-03-10 23:00:58,-73.48065735089145,45.48864059799026,unknown
"2026-03-10 17:46:24_[-70.15307827681865, 47.652856088480966]",17,2026-03-10 17:46:24,2026-03-10 19:45:00,R,,3930,2026-03-10 23:00:58,-70.15307827681865,47.652856088480966,unknown
"2026-03-10 17:45:30_[-71.30563230193674, 46.76615078012444]",12,2026-03-10 17:45:30,2026-03-10 19:45:00,L,,5701,2026-03-10 23:00:58,-71.30563230193674,46.76615078012444,unknown
"2026-03-10 18:23:45_[-77.08227408436797, 48.95528658468992]",3,2026-03-10 18:23:45,2026-03-10 20:15:00,L,5.0,9165,2026-03-10 23:00:58,-77.08227408436797,48.95528658468992,other
"2026-03-10 18:33:19_[-74.00657404465942, 45.772319160968344]",14,2026-03-10 18:33:19,,R,,7194,2026-03-10 23:00:58,-74.00657404465942,45.77231916096834,unknown
"2026-03-10 19:28:08_[-61.51550144750958, 47.616971549213304]",6,2026-03-10 19:28:08,2026-03-10 20:30:00,L,5.0,2510,2026-03-10 23:41:42,-61.51550144750958,47.6169715492133,other
"2026-03-10 16:34:42_[-76.4215974500159, 45.51884402653522]",14,2026-03-10 16:34:42,,L,4.0,1499,2026-03-10 23:41:42,-76.4215974500159,45.51884402653522,other
"2026-03-09 17:21:41_[-67.79605234055661, 51.81144648710868]",2,2026-03-09 17:21:41,,L,,9604,2026-03-10 23:41:42,-67.79605234055661,51.81144648710868,unknown
"2026-03-10 18:23:34_[-73.5929062715647, 45.851394327867006]",16,2026-03-10 18:23:34,2026-03-10 20:15:00,N,,5829,2026-03-10 23:58:01,-73.5929062715647,45.851394327867006,unknown
"2026-03-10 06:45:44_[-74.13838321587126, 45.95678958807703]",3,2026-03-10 06:45:44,2026-03-10 20:15:00,L,6.0,8395,2026-03-10 23:58:01,-74.13838321587126,45.95678958807703,other
"2026-03-10 16:14:14_[-74.10654155197079, 45.97686585643728]",4,2026-03-10 16:14:14,2026-03-10 20:15:00,R,,8395,2026-03-10 23:58:01,-74.10654155197079,45.97686585643728,unknown
"2026-03-10 06:45:44_[-74.13598599641033, 45.955198766626054]",114,2026-03-10 06:45:44,2026-03-10 20:15:00,L,6.0,8395,2026-03-10 23:58:01,-74.13598599641033,45.95519876662605,other
"2026-03-10 16:05:29_[-71.6012523045431, 45.69909284663205]",1,2026-03-10 16:05:29,,R,,2135,2026-03-10 23:58:01,-71.6012523045431,45.69909284663205,unknown
"2026-03-10 17:51:51_[-74.06883173688745, 45.52306356929569]",187,2026-03-10 17:51:51,2026-03-10 21:00:00,L,6.0,3897,2026-03-10 23:58:01,-74.06883173688745,45.52306356929569,other
"2026-03-10 12:41:37_[-70.83273674858464, 46.05950767075366]",2,2026-03-10 12:41:37,2026-03-10 21:45:00,A,,6162,2026-03-10 23:58:01,-70.83273674858464,46.05950767075366,unknown
"2026-03-10 18:03:49_[-73.43319174996626, 45.57753906306813]",6,2026-03-10 18:03:49,2026-03-10 20:00:00,R,,1460,2026-03-10 23:58:01,-73.43319174996626,45.57753906306813,unknown
"2026-03-10 18:03:30_[-73.984246687245, 45.800220422026385]",1,2026-03-10 18:03:30,2026-03-10 20:00:00,L,6.0,4152,2026-03-10 23:58:01,-73.984246687245,45.80022042202639,other
"2026-03-10 15:05:22_[-74.1067078113796, 45.4676908500321]",4,2026-03-10 15:05:22,2026-03-10 21:15:00,L,,1195,2026-03-10 23:58:01,-74.1067078113796,45.4676908500321,unknown
"2026-03-10 17:58:39_[-73.68157394911049, 45.65357697037813]",15,2026-03-10 17:58:39,2026-03-10 21:15:00,L,5.0,2180,2026-03-10 23:58:01,-73.68157394911049,45.65357697037813,other
"2026-03-10 18:42:54_[-74.40444193837074, 49.74680882062423]",4,2026-03-10 18:42:54,2026-03-10 21:15:00,L,,1964,2026-03-10 23:58:01,-74.40444193837074,49.74680882062423,unknown
"2026-03-10 19:07:40_[-74.97758682380993, 45.63554939291224]",2,2026-03-10 19:07:40,2026-03-10 21:15:00,N,,5152,2026-03-10 23:58:01,-74.97758682380993,45.63554939291224,unknown
"2026-03-10 21:55:31_[-74.1729653789587, 45.52384155948539]",9,2026-03-10 21:55:31,2026-03-11 00:00:00,N,,7938,2026-03-11 02:32:43,-74.1729653789587,45.52384155948539,unknown
"2026-03-10 21:46:54_[-73.84084080497647, 45.493409301764196]",123,2026-03-10 21:46:54,2026-03-10 23:45:00,R,,253,2026-03-11 02:32:43,-73.84084080497647,45.4934093017642,unknown
"2026-03-10 23:01:55_[-73.62239126299438, 45.47084736189034]",1675,2026-03-10 23:01:55,2026-03-11 01:15:00,L,,1000,2026-03-11 04:23:58,-73.62239126299438,45.47084736189034,unknown
"2026-03-10 22:03:58_[-74.86928457763774, 45.65403721432449]",267,2026-03-10 22:03:58,2026-03-11 02:15:00,L,3.0,2288,2026-03-11 04:23:58,-74.86928457763774,45.65403721432449,equipment
"2026-03-10 23:01:55_[-73.62016274098079, 45.472566526089054]",243,2026-03-10 23:01:55,2026-03-11 02:30:00,L,,1000,2026-03-11 05:31:49,-73.62016274098079,45.472566526089054,unknown
"2026-03-11 00:50:23_[-73.6677824914406, 45.472457144343615]",5,2026-03-11 00:50:23,2026-03-11 02:30:00,N,,217,2026-03-11 05:31:49,-73.6677824914406,45.472457144343615,unknown
"2026-03-10 23:01:55_[-73.6682741945932, 45.476015578085196]",5,2026-03-10 23:01:55,2026-03-11 02:45:00,N,,217,2026-03-11 05:31:49,-73.6682741945932,45.4760155780852,unknown
"2026-03-10 21:41:37_[-75.5230066447942, 46.50930578393912]",1,2026-03-10 21:41:37,2026-03-11 02:15:00,L,1.0,5593,2026-03-11 05:31:49,-75.5230066447942,46.50930578393912,equipment
"2026-03-10 22:58:24_[-73.47949914386403, 45.444321812176966]",595,2026-03-10 22:58:24,,L,,1535,2026-03-11 05:31:49,-73.47949914386403,45.444321812176966,unknown
"2026-03-11 01:13:09_[-73.66779108525063, 45.477483467959146]",165,2026-03-11 01:13:09,,N,,217,2026-03-11 05:31:49,-73.66779108525063,45.477483467959146,unknown
"2026-03-11 01:08:10_[-73.43073123169215, 45.8920779189872]",66,2026-03-11 01:08:10,2026-03-11 04:45:00,L,6.0,3843,2026-03-11 05:31:49,-73.43073123169215,45.8920779189872,other
"2026-03-10 23:01:51_[-73.62064811660541, 45.46798369157784]",49,2026-03-10 23:01:51,,N,,1000,2026-03-11 05:31:49,-73.62064811660541,45.46798369157784,unknown
"2026-03-10 07:42:38_[-73.42803463506544, 45.89176513874183]",92,2026-03-10 07:42:38,,L,4.0,3843,2026-03-11 05:31:49,-73.42803463506544,45.89176513874183,other
"2026-03-10 23:36:03_[-78.11215611382399, 48.59636912802161]",2,2026-03-10 23:36:03,,R,,1065,2026-03-11 06:32:38,-78.11215611382399,48.59636912802161,unknown
"2026-03-11 01:56:46_[-73.7483795169635, 45.65075919071997]",1704,2026-03-11 01:56:46,2026-03-11 04:00:00,R,3.0,1164,2026-03-11 06:32:38,-73.7483795169635,45.65075919071997,equipment
"2026-03-10 22:03:58_[-74.86481383852117, 45.644904157843165]",5,2026-03-10 22:03:58,,L,3.0,2288,2026-03-11 07:32:05,-74.86481383852117,45.644904157843165,equipment
"2026-03-10 22:03:58_[-74.86417946678246, 45.64407207613513]",13,2026-03-10 22:03:58,,L,3.0,2288,2026-03-11 07:32:05,-74.86417946678246,45.64407207613513,equipment
"2026-03-11 00:51:43_[-72.0868089496114, 46.00979311721483]",2867,2026-03-11 00:51:43,,A,4.0,9359,2026-03-11 07:32:05,-72.0868089496114,46.00979311721483,other
"2026-03-10 22:03:58_[-74.86526284686337, 45.64587404606046]",9,2026-03-10 22:03:58,,L,3.0,2288,2026-03-11 07:32:05,-74.86526284686337,45.64587404606046,equipment
"2026-03-11 01:50:03_[-73.39178028138593, 45.62192492076622]",10,2026-03-11 01:50:03,2026-03-11 05:15:00,L,6.0,9326,2026-03-11 07:32:05,-73.39178028138593,45.62192492076622,other
"2026-03-11 00:51:43_[-71.97876399242296, 46.066598383139144]",18,2026-03-11 00:51:43,,L,3.0,9359,2026-03-11 07:32:05,-71.97876399242296,46.06659838313914,equipment
"2026-03-11 01:57:14_[-73.54140019454174, 45.596445719892515]",10,2026-03-11 01:57:14,2026-03-11 04:15:00,R,,1000,2026-03-11 07:32:05,-73.54140019454174,45.59644571989252,unknown
"2026-03-11 02:18:19_[-73.54109330756107, 45.595048474142665]",14,2026-03-11 02:18:19,2026-03-11 04:15:00,N,,1000,2026-03-11 07:32:05,-73.54109330756107,45.595048474142665,unknown
"2026-03-11 02:22:33_[-73.53879054385659, 45.59652894764829]",17,2026-03-11 02:22:33,2026-03-11 04:15:00,N,,1000,2026-03-11 07:32:05,-73.53879054385659,45.59652894764829,unknown
"2026-03-11 02:23:54_[-73.53917534846704, 45.594705111131624]",11,2026-03-11 02:23:54,2026-03-11 04:15:00,N,,1000,2026-03-11 07:32:05,-73.53917534846704,45.59470511113162,unknown
"2026-03-11 02:23:46_[-73.54074585091143, 45.597144411722496]",24,2026-03-11 02:23:46,2026-03-11 04:15:00,N,,1000,2026-03-11 07:32:05,-73.54074585091143,45.597144411722496,unknown
"2026-03-11 02:23:50_[-73.53655766307077, 45.59574288750654]",70,2026-03-11 02:23:50,2026-03-11 04:00:00,N,,1000,2026-03-11 07:32:05,-73.53655766307077,45.59574288750654,unknown
"2026-03-10 07:42:38_[-73.42839219024799, 45.89230529450585]",13,2026-03-10 07:42:38,2026-03-11 04:15:00,L,3.0,3843,2026-03-11 08:06:04,-73.42839219024799,45.89230529450585,equipment
"2026-03-11 03:57:57_[-73.58053062679416, 45.477073051167935]",782,2026-03-11 03:57:57,,N,,1000,2026-03-11 08:06:04,-73.58053062679416,45.477073051167935,unknown
"2026-03-10 23:13:38_[-73.46772836597209, 45.47008003640655]",5,2026-03-10 23:13:38,,R,1.0,1535,2026-03-11 09:00:24,-73.46772836597209,45.47008003640655,equipment
"2026-03-11 02:42:57_[-70.84265249055747, 48.39984968101701]",16,2026-03-11 02:42:57,2026-03-11 06:00:00,L,5.0,5329,2026-03-11 09:00:24,-70.84265249055747,48.39984968101701,other
"2026-03-11 01:56:46_[-73.74685761400028, 45.633071607250514]",12,2026-03-11 01:56:46,,A,3.0,1164,2026-03-11 09:00:24,-73.74685761400028,45.633071607250514,equipment
"2026-03-11 04:29:49_[-72.00203525222912, 46.033835383052654]",2,2026-03-11 04:29:49,,A,,9359,2026-03-11 09:00:24,-72.00203525222912,46.033835383052654,unknown
"2026-03-11 04:05:36_[-72.55429027645265, 46.34301250756974]",7,2026-03-11 04:05:36,2026-03-11 06:00:00,R,,9233,2026-03-11 09:00:24,-72.55429027645265,46.34301250756974,unknown
"2026-03-11 04:44:30_[-75.7497979865364, 45.49645767536118]",7,2026-03-11 04:44:30,2026-03-11 06:45:00,R,,2375,2026-03-11 10:00:11,-75.7497979865364,45.49645767536118,unknown
"2026-03-11 04:30:58_[-71.2207506156712, 46.894699978858846]",15,2026-03-11 04:30:58,2026-03-11 06:30:00,R,,1302,2026-03-11 10:00:11,-71.2207506156712,46.894699978858846,unknown
"2026-03-11 04:32:34_[-72.44956212479205, 45.8584406913459]",15,2026-03-11 04:32:34,2026-03-11 06:30:00,R,,2117,2026-03-11 10:00:11,-72.44956212479205,45.8584406913459,unknown
"2026-03-10 13:21:01_[-74.33283137148187, 45.92650378948486]",15,2026-03-10 13:21:01,,L,1.0,5850,2026-03-11 10:00:11,-74.33283137148187,45.92650378948486,equipment
"2026-03-11 04:28:37_[-73.58400186086841, 45.66156686341738]",245,2026-03-11 04:28:37,,R,,2180,2026-03-11 10:54:01,-73.58400186086841,45.66156686341738,unknown
"2026-03-11 05:18:16_[-71.22290238786533, 46.843050146767304]",14,2026-03-11 05:18:16,2026-03-11 07:15:00,R,,5410,2026-03-11 10:54:01,-71.22290238786533,46.8430501467673,unknown
"2026-03-11 06:11:07_[-73.48586044536518, 45.5400363225765]",2102,2026-03-11 06:11:07,2026-03-11 08:15:00,R,3.0,4410,2026-03-11 11:31:49,-73.48586044536518,45.5400363225765,equipment
"2026-03-11 06:34:31_[-73.29481140763285, 45.521281183621014]",7,2026-03-11 06:34:31,2026-03-11 08:30:00,R,,6129,2026-03-11 12:01:51,-73.29481140763285,45.52128118362101,unknown
"2026-03-11 07:08:56_[-73.57821512698288, 45.480238403934685]",59,2026-03-11 07:08:56,2026-03-11 09:00:00,N,,1000,2026-03-11 12:01:51,-73.57821512698288,45.480238403934685,unknown
"2026-03-11 07:22:39_[-71.32659326998825, 46.82656424550154]",10,2026-03-11 07:22:39,2026-03-11 12:15:00,L,6.0,5411,2026-03-11 12:01:51,-71.32659326998825,46.82656424550154,other
"2026-03-11 03:12:37_[-73.45045919502772, 45.45322621528572]",8,2026-03-11 03:12:37,2026-03-11 09:15:00,R,,1535,2026-03-11 12:01:51,-73.45045919502772,45.45322621528572,unknown
"2026-03-11 07:50:45_[-74.33690906153349, 45.4601533096029]",29,2026-03-11 07:50:45,2026-03-11 10:00:00,R,,5509,2026-03-11 13:38:38,-74.33690906153349,45.4601533096029,unknown
"2026-03-11 07:58:19_[-74.18044391433588, 45.95668231798449]",2,2026-03-11 07:58:19,2026-03-11 11:15:00,L,5,8395,2026-03-11 13:38:38,-74.18044391433588,45.95668231798449,other
"2026-03-11 08:04:03_[-73.65208204438741, 45.48935125265306]",81,2026-03-11 08:04:03,2026-03-11 09:45:00,L,6,0217,2026-03-11 13:38:38,-73.65208204438741,45.48935125265306,other
"2026-03-11 08:07:50_[-72.30536308252691, 46.15111657438634]",3,2026-03-11 08:07:50,2026-03-11 10:00:00,R,,8302,2026-03-11 13:38:38,-72.30536308252691,46.15111657438634,unknown
"2026-03-11 06:53:20_[-74.25770719431003, 45.461112958103044]",33,2026-03-11 06:53:20,2026-03-11 11:45:00,L,5,5509,2026-03-11 13:38:38,-74.25770719431003,45.461112958103044,other
"2026-03-11 08:47:36_[-71.6934146038266, 46.75181159429952]",14,2026-03-11 08:47:36,2026-03-11 11:00:00,L,6,5317,2026-03-11 13:38:38,-71.6934146038266,46.75181159429952,other
"2026-03-11 03:00:18_[-74.21724257209416, 45.35647045489014]",1,2026-03-11 03:00:18,2026-03-11 10:15:00,R,,6348,2026-03-11 13:38:38,-74.21724257209416,45.35647045489014,unknown
"2026-03-11 01:39:54_[-70.97380276180284, 46.15408200175046]",1,2026-03-11 01:39:54,2026-03-11 10:15:00,R,,8284,2026-03-11 13:38:38,-70.97380276180284,46.15408200175046,unknown
"2026-03-11 07:12:32_[-73.63946796315248, 45.53216993682146]",32,2026-03-11 07:12:32,,R,,1000,2026-03-11 13:38:38,-73.63946796315248,45.53216993682146,unknown
"2026-03-11 07:16:48_[-71.98391020131342, 45.960266983383335]",3,2026-03-11 07:16:48,2026-03-11 11:45:00,R,,9443,2026-03-11 13:38:38,-71.98391020131342,45.960266983383335,unknown
"2026-03-11 00:51:43_[-71.97934671842516, 46.06668257022161]",4,2026-03-11 00:51:43,2026-03-11 19:15:00,R,3,9359,2026-03-11 13:38:38,-71.97934671842516,46.06668257022161,equipment
"2026-03-11 08:15:06_[-74.12505880905394, 45.4328802529049]",40,2026-03-11 08:15:06,2026-03-11 10:15:00,L,,9344,2026-03-11 13:38:38,-74.12505880905394,45.4328802529049,unknown
"2026-03-11 08:11:51_[-74.55536706422912, 45.68250737318381]",46,2026-03-11 08:11:51,2026-03-11 10:15:00,R,,2495,2026-03-11 13:38:38,-74.55536706422912,45.68250737318381,unknown
"2026-03-11 08:30:40_[-64.50212039857513, 48.87169745208895]",3,2026-03-11 08:30:40,2026-03-11 13:45:00,L,6,1215,2026-03-11 13:38:38,-64.50212039857513,48.87169745208895,other
"2026-03-11 08:34:24_[-72.55335572361533, 46.77094843813318]",3,2026-03-11 08:34:24,2026-03-11 10:30:00,R,,8221,2026-03-11 13:38:38,-72.55335572361533,46.77094843813318,unknown
"2026-03-11 08:39:00_[-64.33494133430456, 48.47948664152705]",1,2026-03-11 08:39:00,2026-03-11 11:45:00,L,6,1634,2026-03-11 13:38:38,-64.33494133430456,48.47948664152705,other
"2026-03-11 08:33:01_[-74.22437557837992, 46.083583894168555]",26,2026-03-11 08:33:01,2026-03-11 10:45:00,N,,8404,2026-03-11 13:38:38,-74.22437557837992,46.083583894168555,unknown
"2026-03-11 08:43:20_[-67.48582002361194, 48.85385366031368]",12,2026-03-11 08:43:20,2026-03-11 12:45:00,L,6,7197,2026-03-11 13:38:38,-67.48582002361194,48.85385366031368,other
"2026-03-11 08:50:35_[-74.9442777360988, 45.65014645340014]",8,2026-03-11 08:50:35,2026-03-11 10:45:00,R,,4752,2026-03-11 13:38:38,-74.9442777360988,45.65014645340014,unknown
"2026-03-11 08:53:41_[-72.91394292624989, 46.605370385547744]",2,2026-03-11 08:53:41,2026-03-11 10:45:00,N,,7593,2026-03-11 13:38:38,-72.91394292624989,46.605370385547744,unknown
"2026-03-11 08:59:10_[-71.10465903486956, 48.45444788923279]",4,2026-03-11 08:59:10,2026-03-11 13:00:00,L,6,1850,2026-03-11 13:38:38,-71.10465903486956,48.45444788923279,other
"2026-03-11 08:58:45_[-71.1996930198713, 46.2097355181973]",1,2026-03-11 08:58:45,2026-03-11 13:00:00,L,6,7926,2026-03-11 13:38:38,-71.1996930198713,46.2097355181973,other
"2026-03-11 09:01:23_[-76.29919961867036, 45.583425751172165]",18,2026-03-11 09:01:23,2026-03-11 11:00:00,A,,2192,2026-03-11 13:38:38,-76.29919961867036,45.583425751172165,unknown
"2026-03-11 09:07:05_[-76.95025120589378, 45.809734028373654]",143,2026-03-11 09:07:05,2026-03-11 11:15:00,R,,3889,2026-03-11 13:38:38,-76.95025120589378,45.809734028373654,unknown
"2026-03-11 09:21:37_[-71.75048506555942, 46.98963914681585]",1,2026-03-11 09:21:37,2026-03-11 12:30:00,L,6,7980,2026-03-11 13:38:38,-71.75048506555942,46.98963914681585,other
"2026-03-11 09:27:29_[-79.26279934669985, 48.60260706164969]",2,2026-03-11 09:27:29,2026-03-11 11:30:00,L,6,7353,2026-03-11 13:38:38,-79.26279934669985,48.60260706164969,other
